SetNumber,ElementID,Qty,Colour,Category,DesignID,ElementName,ImageURL,ElementSetCount
"30432-1","4114319","3","Brick Yellow","Bricks","3001","BRICK 2X4","/cdn/cs/set/assets/bltbff237e63473d67c/4114319.jpg","295"
"30432-1","4125217","1","Brick Yellow","Plates","3958","PLATE 6X6","/cdn/cs/set/assets/blt20a0b616ab752f77/4125217.jpg","123"
"30432-1","4278422","1","Brick Yellow","Plates","2654","SLIDE SHOE ROUND 2X2","/cdn/cs/set/assets/blt161c8df2dfa612ec/4278422.jpg","164"
"30432-1","6170776","1","Brick Yellow","Plates","3176","COUPLING PLATE 2X2","/cdn/product-assets/element.img.lod5photo.192x192/6170776.jpg","32"
"30432-1","6294227","3","Brick Yellow","Plates","65509","PLATE 2X4, W/ 2 KNOBS","/cdn/product-assets/element.img.lod5photo.192x192/6294227.jpg","81"
"30432-1","303223","1","Bright Blue","Plates","3032","PLATE 4X6","/cdn/cs/set/assets/bltd894df86e9680b78/303223.jpg","117"
"30432-1","4119479","1","Bright Green","Minifigure Accessories","33183","CARROT TOP","/cdn/cs/set/assets/blt005ff2d5f071c35b/4119479.jpg","327"
"30432-1","4143562","1","Bright Green","Animals & Nature","4727","FLOWER, STALK","/cdn/cs/set/assets/bltd6984c10ebda16cb/4143562.jpg","120"
"30432-1","6195258","4","Bright Green","Plates","3069","FLAT TILE 1X2","/cdn/product-assets/element.img.lod5photo.192x192/6195258.jpg","57"
"30432-1","6253176","2","Bright Green","Plates","47144","FLAT TILE 1X1 NO. 190","/cdn/product-assets/element.img.lod5photo.192x192/6253176.jpg","4"
"30432-1","6347296","4","Bright Green","Plates","52738","PLATE 1X1 W/HOLDER VERTICAL","/cdn/product-assets/element.img.lod5photo.192x192/6347296.jpg","26"
"30432-1","6162510","1","Bright Orange","Minifigure Parts","28280","FIGUR HEAD NO.1'NO.12'","/cdn/product-assets/element.img.lod5photo.192x192/6162510.jpg","28"
"30432-1","306821","1","Bright Red","Plates","3068","FLAT TILE 2X2","/cdn/cs/set/assets/bltfd19075b52f9271a/306821.jpg","388"
"30432-1","6206148","1","Bright Red","Animals & Nature","24866","FLOWER 1X1","/cdn/cs/set/assets/blt0326254d07bab129/6206148.jpg","171"
"30432-1","306824","2","Bright Yellow","Plates","3068","FLAT TILE 2X2","/cdn/cs/set/assets/bltf52546bcea32dfe7/306824.jpg","254"
"30432-1","6281999","1","Bright Yellowish Green","Plates","41632","LAMP HOLDER","/cdn/product-assets/element.img.lod5photo.192x192/6281999.jpg","14"
"30432-1","6253139","1","Dark Green","Plates","11212","PLATE 3X3","/cdn/product-assets/element.img.lod5photo.192x192/6253139.jpg","28"
"30432-1","6253140","4","Dark Green","Plates","26047","PLATE 1X1 ROUND W/ 3.2 SHAFT","/cdn/product-assets/element.img.lod5photo.192x192/6253140.jpg","33"
"30432-1","6389692","1","Dark Green","Plates","23893","PLATE 2X2 W 1 KNOB","/cdn/product-assets/element.img.lod5photo.192x192/6389692.jpg","58"
"30432-1","6212081","2","Dark Orange","Bricks","3003","BRICK 2X2","/cdn/product-assets/element.img.lod5photo.192x192/6212081.jpg","38"
"30432-1","6219673","2","Dark Orange","Plates","3795","PLATE 2X6","/cdn/cs/set/assets/blte91875ea01ad4a2e/6219673.jpg","47"
"30432-1","6055169","1","Earth Green","Plates","3024","PLATE 1X1","/cdn/product-assets/element.img.lod5photo.192x192/6055169.jpg","85"
"30432-1","4221886","1","Reddish Brown","Minifigure Parts","73200","MINI LOWER PART","/cdn/cs/set/assets/blt59ce55424adaf4d0/4221886_front.png","126"
"30432-1","4226966","2","Reddish Brown","Bricks","2453","BRICK 1X1X5","/cdn/cs/set/assets/blt478cd6c449af6365/4226966.jpg","78"
"30432-1","6121832","1","Sand Green","Minifigure Parts","76382","MINI UPPER PART NO. 3096","/cdn/product-assets/element.img.lod5photo.192x192/6121832.jpg","30"
"30432-1","6252044","1","Transparent Blue","Plates","28554","PLATE 1X1","/cdn/product-assets/element.img.lod5photo.192x192/6252044.jpg","24"
"30432-1","6202501","2","White","Plates","35329","PLATE 1X1, NO. 13","/cdn/product-assets/element.img.lod5photo.192x192/6202501.jpg","11"




